Date,Open,High,Low,Close,Adj Close,Volume
8/7/2012,4.19,4.19,4.19,4.19,4.09876,0
8/8/2012,4.19,4.19,4.19,4.19,4.09876,0
8/9/2012,4.19,4.19,4.19,4.19,4.09876,0
8/10/2012,4.19,4.19,4.19,4.19,4.09876,0
8/13/2012,4.19,4.19,4.19,4.19,4.09876,0
8/14/2012,4.19,4.19,4.19,4.19,4.09876,0
8/15/2012,4.19,4.19,4.19,4.19,4.09876,0
8/16/2012,4.19,4.19,4.19,4.19,4.09876,0
8/17/2012,4.19,4.19,4.19,4.19,4.09876,0
8/20/2012,4.19,4.19,4.19,4.19,4.09876,0
8/21/2012,4.19,4.19,4.19,4.19,4.09876,0
8/22/2012,4.19,4.19,4.19,4.19,4.09876,0
8/23/2012,4.19,4.19,4.19,4.19,4.09876,0
8/24/2012,4.19,4.19,4.19,4.19,4.09876,0
8/27/2012,4.19,4.19,4.19,4.19,4.09876,0
8/28/2012,4.19,4.19,4.19,4.19,4.09876,0
8/29/2012,4.19,4.19,4.19,4.19,4.09876,0
8/30/2012,4.19,4.19,4.19,4.19,4.09876,0
8/31/2012,4.19,4.19,4.19,4.19,4.09876,0
9/4/2012,4.19,4.19,4.19,4.19,4.09876,0
9/5/2012,4.19,4.19,4.19,4.19,4.09876,0
9/6/2012,4.19,4.19,4.19,4.19,4.09876,0
9/7/2012,4.19,4.19,4.19,4.19,4.09876,0
9/10/2012,4.19,4.19,4.19,4.19,4.09876,0
9/11/2012,4.19,4.19,4.19,4.19,4.09876,0
9/12/2012,4.19,4.19,4.19,4.19,4.09876,0
9/13/2012,4.19,4.19,4.19,4.19,4.09876,0
9/14/2012,4.19,4.19,4.19,4.19,4.09876,0
9/17/2012,4.19,4.19,4.19,4.19,4.09876,0
9/18/2012,4.19,4.19,4.19,4.19,4.09876,0
9/19/2012,4.19,4.19,4.19,4.19,4.09876,0
9/20/2012,4.19,4.19,4.19,4.19,4.09876,0
9/21/2012,4.19,4.19,4.19,4.19,4.09876,0
9/24/2012,4.19,4.19,4.19,4.19,4.09876,0
9/25/2012,null,null,null,null,null,null
9/26/2012,null,null,null,null,null,null
9/27/2012,null,null,null,null,null,null
9/28/2012,null,null,null,null,null,null
10/1/2012,null,null,null,null,null,null
10/2/2012,null,null,null,null,null,null
10/3/2012,null,null,null,null,null,null
10/4/2012,null,null,null,null,null,null
10/5/2012,null,null,null,null,null,null
10/8/2012,null,null,null,null,null,null
10/9/2012,null,null,null,null,null,null
10/10/2012,null,null,null,null,null,null
10/11/2012,null,null,null,null,null,null
10/12/2012,null,null,null,null,null,null
10/15/2012,null,null,null,null,null,null
10/16/2012,null,null,null,null,null,null
10/17/2012,null,null,null,null,null,null
10/18/2012,null,null,null,null,null,null
10/19/2012,null,null,null,null,null,null
10/22/2012,null,null,null,null,null,null
10/23/2012,null,null,null,null,null,null
10/24/2012,null,null,null,null,null,null
10/25/2012,null,null,null,null,null,null
10/26/2012,null,null,null,null,null,null
10/31/2012,null,null,null,null,null,null
11/1/2012,null,null,null,null,null,null
11/2/2012,null,null,null,null,null,null
11/5/2012,null,null,null,null,null,null
11/6/2012,null,null,null,null,null,null
11/7/2012,null,null,null,null,null,null
11/8/2012,null,null,null,null,null,null
11/9/2012,null,null,null,null,null,null
11/12/2012,null,null,null,null,null,null
11/13/2012,null,null,null,null,null,null
11/14/2012,null,null,null,null,null,null
11/15/2012,null,null,null,null,null,null
11/16/2012,null,null,null,null,null,null
11/19/2012,null,null,null,null,null,null
11/20/2012,null,null,null,null,null,null
11/21/2012,null,null,null,null,null,null
11/23/2012,null,null,null,null,null,null
11/26/2012,null,null,null,null,null,null
11/27/2012,null,null,null,null,null,null
11/28/2012,null,null,null,null,null,null
11/29/2012,null,null,null,null,null,null
11/30/2012,null,null,null,null,null,null
12/3/2012,null,null,null,null,null,null
12/4/2012,null,null,null,null,null,null
12/5/2012,null,null,null,null,null,null
12/6/2012,null,null,null,null,null,null
12/7/2012,null,null,null,null,null,null
12/10/2012,null,null,null,null,null,null
12/11/2012,null,null,null,null,null,null
12/12/2012,null,null,null,null,null,null
12/13/2012,null,null,null,null,null,null
12/14/2012,null,null,null,null,null,null
12/17/2012,null,null,null,null,null,null
12/18/2012,null,null,null,null,null,null
12/19/2012,null,null,null,null,null,null
12/20/2012,null,null,null,null,null,null
12/21/2012,null,null,null,null,null,null
12/24/2012,null,null,null,null,null,null
12/26/2012,null,null,null,null,null,null
12/27/2012,null,null,null,null,null,null
12/28/2012,null,null,null,null,null,null
12/31/2012,null,null,null,null,null,null
1/2/2013,null,null,null,null,null,null
1/3/2013,null,null,null,null,null,null
1/4/2013,null,null,null,null,null,null
1/7/2013,null,null,null,null,null,null
1/8/2013,null,null,null,null,null,null
1/9/2013,null,null,null,null,null,null
1/10/2013,null,null,null,null,null,null
1/11/2013,null,null,null,null,null,null
1/14/2013,null,null,null,null,null,null
1/15/2013,null,null,null,null,null,null
1/16/2013,null,null,null,null,null,null
1/17/2013,null,null,null,null,null,null
1/18/2013,null,null,null,null,null,null
1/22/2013,null,null,null,null,null,null
1/23/2013,null,null,null,null,null,null
1/24/2013,null,null,null,null,null,null
1/25/2013,null,null,null,null,null,null
1/28/2013,null,null,null,null,null,null
1/29/2013,null,null,null,null,null,null
1/30/2013,null,null,null,null,null,null
1/31/2013,null,null,null,null,null,null
2/1/2013,null,null,null,null,null,null
2/4/2013,null,null,null,null,null,null
2/5/2013,null,null,null,null,null,null
2/6/2013,null,null,null,null,null,null
2/7/2013,null,null,null,null,null,null
2/8/2013,null,null,null,null,null,null
2/11/2013,null,null,null,null,null,null
2/12/2013,null,null,null,null,null,null
2/13/2013,null,null,null,null,null,null
2/14/2013,null,null,null,null,null,null
2/15/2013,null,null,null,null,null,null
2/19/2013,null,null,null,null,null,null
2/20/2013,null,null,null,null,null,null
2/21/2013,null,null,null,null,null,null
2/22/2013,null,null,null,null,null,null
2/25/2013,null,null,null,null,null,null
2/26/2013,null,null,null,null,null,null
2/27/2013,null,null,null,null,null,null
2/28/2013,null,null,null,null,null,null
3/1/2013,null,null,null,null,null,null
3/4/2013,null,null,null,null,null,null
3/5/2013,null,null,null,null,null,null
3/6/2013,null,null,null,null,null,null
3/7/2013,null,null,null,null,null,null
3/8/2013,null,null,null,null,null,null
3/11/2013,null,null,null,null,null,null
3/12/2013,null,null,null,null,null,null
3/13/2013,null,null,null,null,null,null
3/14/2013,null,null,null,null,null,null
3/15/2013,null,null,null,null,null,null
3/18/2013,null,null,null,null,null,null
3/19/2013,null,null,null,null,null,null
3/20/2013,null,null,null,null,null,null
3/21/2013,null,null,null,null,null,null
3/22/2013,null,null,null,null,null,null
3/25/2013,null,null,null,null,null,null
3/26/2013,null,null,null,null,null,null
3/27/2013,null,null,null,null,null,null
3/28/2013,null,null,null,null,null,null
4/1/2013,null,null,null,null,null,null
4/2/2013,null,null,null,null,null,null
4/3/2013,null,null,null,null,null,null
4/4/2013,null,null,null,null,null,null
4/5/2013,null,null,null,null,null,null
4/8/2013,null,null,null,null,null,null
4/9/2013,null,null,null,null,null,null
4/10/2013,null,null,null,null,null,null
4/11/2013,null,null,null,null,null,null
4/12/2013,null,null,null,null,null,null
4/15/2013,null,null,null,null,null,null
4/16/2013,null,null,null,null,null,null
4/17/2013,null,null,null,null,null,null
4/18/2013,null,null,null,null,null,null
4/19/2013,null,null,null,null,null,null
4/22/2013,null,null,null,null,null,null
4/23/2013,null,null,null,null,null,null
4/24/2013,null,null,null,null,null,null
4/25/2013,null,null,null,null,null,null
4/26/2013,null,null,null,null,null,null
4/29/2013,null,null,null,null,null,null
4/30/2013,null,null,null,null,null,null
5/1/2013,null,null,null,null,null,null
5/2/2013,null,null,null,null,null,null
5/3/2013,null,null,null,null,null,null
5/6/2013,null,null,null,null,null,null
5/7/2013,null,null,null,null,null,null
5/8/2013,null,null,null,null,null,null
5/9/2013,null,null,null,null,null,null
5/10/2013,null,null,null,null,null,null
5/13/2013,null,null,null,null,null,null
5/14/2013,null,null,null,null,null,null
5/15/2013,null,null,null,null,null,null
5/16/2013,null,null,null,null,null,null
5/17/2013,null,null,null,null,null,null
5/20/2013,null,null,null,null,null,null
5/21/2013,null,null,null,null,null,null
5/22/2013,null,null,null,null,null,null
5/23/2013,null,null,null,null,null,null
5/24/2013,null,null,null,null,null,null
5/28/2013,null,null,null,null,null,null
5/29/2013,null,null,null,null,null,null
5/30/2013,null,null,null,null,null,null
5/31/2013,null,null,null,null,null,null
6/3/2013,null,null,null,null,null,null
6/4/2013,null,null,null,null,null,null
6/5/2013,null,null,null,null,null,null
6/6/2013,null,null,null,null,null,null
6/7/2013,null,null,null,null,null,null
6/10/2013,null,null,null,null,null,null
6/11/2013,null,null,null,null,null,null
6/12/2013,null,null,null,null,null,null
6/13/2013,null,null,null,null,null,null
6/14/2013,null,null,null,null,null,null
6/17/2013,null,null,null,null,null,null
6/18/2013,null,null,null,null,null,null
6/19/2013,null,null,null,null,null,null
6/20/2013,null,null,null,null,null,null
6/21/2013,null,null,null,null,null,null
6/24/2013,null,null,null,null,null,null
6/25/2013,null,null,null,null,null,null
6/26/2013,null,null,null,null,null,null
6/27/2013,null,null,null,null,null,null
6/28/2013,null,null,null,null,null,null
7/1/2013,null,null,null,null,null,null
7/2/2013,null,null,null,null,null,null
7/3/2013,null,null,null,null,null,null
7/5/2013,null,null,null,null,null,null
7/8/2013,null,null,null,null,null,null
7/9/2013,null,null,null,null,null,null
7/10/2013,null,null,null,null,null,null
7/11/2013,null,null,null,null,null,null
7/12/2013,null,null,null,null,null,null
7/15/2013,null,null,null,null,null,null
7/16/2013,null,null,null,null,null,null
7/17/2013,null,null,null,null,null,null
7/18/2013,null,null,null,null,null,null
7/19/2013,null,null,null,null,null,null
7/22/2013,null,null,null,null,null,null
7/23/2013,null,null,null,null,null,null
7/24/2013,null,null,null,null,null,null
7/25/2013,null,null,null,null,null,null
7/26/2013,null,null,null,null,null,null
7/29/2013,null,null,null,null,null,null
7/30/2013,null,null,null,null,null,null
7/31/2013,null,null,null,null,null,null
8/1/2013,null,null,null,null,null,null
8/2/2013,null,null,null,null,null,null
8/5/2013,null,null,null,null,null,null
8/6/2013,null,null,null,null,null,null
8/7/2013,null,null,null,null,null,null
8/8/2013,null,null,null,null,null,null
8/9/2013,null,null,null,null,null,null
8/12/2013,null,null,null,null,null,null
8/13/2013,null,null,null,null,null,null
8/14/2013,null,null,null,null,null,null
8/15/2013,null,null,null,null,null,null
8/16/2013,null,null,null,null,null,null
8/19/2013,null,null,null,null,null,null
8/20/2013,null,null,null,null,null,null
8/21/2013,null,null,null,null,null,null
8/22/2013,null,null,null,null,null,null
8/23/2013,null,null,null,null,null,null
8/26/2013,null,null,null,null,null,null
8/27/2013,null,null,null,null,null,null
8/28/2013,null,null,null,null,null,null
8/29/2013,null,null,null,null,null,null
8/30/2013,null,null,null,null,null,null
9/3/2013,null,null,null,null,null,null
9/4/2013,null,null,null,null,null,null
9/5/2013,null,null,null,null,null,null
9/6/2013,null,null,null,null,null,null
9/9/2013,null,null,null,null,null,null
9/10/2013,null,null,null,null,null,null
9/11/2013,null,null,null,null,null,null
9/12/2013,null,null,null,null,null,null
9/13/2013,null,null,null,null,null,null
9/16/2013,null,null,null,null,null,null
9/17/2013,null,null,null,null,null,null
9/18/2013,null,null,null,null,null,null
9/19/2013,null,null,null,null,null,null
9/20/2013,null,null,null,null,null,null
9/23/2013,null,null,null,null,null,null
9/24/2013,null,null,null,null,null,null
9/25/2013,null,null,null,null,null,null
9/26/2013,null,null,null,null,null,null
9/27/2013,null,null,null,null,null,null
9/30/2013,null,null,null,null,null,null
10/1/2013,null,null,null,null,null,null
10/2/2013,null,null,null,null,null,null
10/3/2013,null,null,null,null,null,null
10/4/2013,null,null,null,null,null,null
10/7/2013,null,null,null,null,null,null
10/8/2013,null,null,null,null,null,null
10/9/2013,null,null,null,null,null,null
10/10/2013,null,null,null,null,null,null
10/11/2013,null,null,null,null,null,null
10/14/2013,null,null,null,null,null,null
10/15/2013,null,null,null,null,null,null
10/16/2013,null,null,null,null,null,null
10/17/2013,null,null,null,null,null,null
10/18/2013,null,null,null,null,null,null
10/21/2013,null,null,null,null,null,null
10/22/2013,null,null,null,null,null,null
10/23/2013,null,null,null,null,null,null
10/24/2013,null,null,null,null,null,null
10/25/2013,null,null,null,null,null,null
10/28/2013,null,null,null,null,null,null
10/29/2013,null,null,null,null,null,null
10/30/2013,null,null,null,null,null,null
10/31/2013,null,null,null,null,null,null
11/1/2013,null,null,null,null,null,null
11/4/2013,null,null,null,null,null,null
11/5/2013,null,null,null,null,null,null
11/6/2013,null,null,null,null,null,null
11/7/2013,null,null,null,null,null,null
11/8/2013,null,null,null,null,null,null
11/11/2013,null,null,null,null,null,null
11/12/2013,null,null,null,null,null,null
11/13/2013,null,null,null,null,null,null
11/14/2013,null,null,null,null,null,null
11/15/2013,null,null,null,null,null,null
11/18/2013,null,null,null,null,null,null
11/19/2013,null,null,null,null,null,null
11/20/2013,null,null,null,null,null,null
11/21/2013,null,null,null,null,null,null
11/22/2013,null,null,null,null,null,null
11/25/2013,null,null,null,null,null,null
11/26/2013,null,null,null,null,null,null
11/27/2013,null,null,null,null,null,null
11/29/2013,null,null,null,null,null,null
12/2/2013,null,null,null,null,null,null
12/3/2013,null,null,null,null,null,null
12/4/2013,null,null,null,null,null,null
12/5/2013,null,null,null,null,null,null
12/6/2013,null,null,null,null,null,null
12/9/2013,null,null,null,null,null,null
12/10/2013,null,null,null,null,null,null
12/11/2013,null,null,null,null,null,null
12/12/2013,null,null,null,null,null,null
12/13/2013,null,null,null,null,null,null
12/16/2013,null,null,null,null,null,null
12/17/2013,null,null,null,null,null,null
12/18/2013,null,null,null,null,null,null
12/19/2013,null,null,null,null,null,null
12/20/2013,null,null,null,null,null,null
12/23/2013,null,null,null,null,null,null
12/24/2013,null,null,null,null,null,null
12/26/2013,null,null,null,null,null,null
12/27/2013,null,null,null,null,null,null
12/30/2013,null,null,null,null,null,null
12/31/2013,null,null,null,null,null,null
1/2/2014,null,null,null,null,null,null
1/3/2014,null,null,null,null,null,null
1/6/2014,null,null,null,null,null,null
1/7/2014,null,null,null,null,null,null
1/8/2014,null,null,null,null,null,null
1/9/2014,null,null,null,null,null,null
1/10/2014,null,null,null,null,null,null
1/13/2014,null,null,null,null,null,null
1/14/2014,null,null,null,null,null,null
1/15/2014,null,null,null,null,null,null
1/16/2014,null,null,null,null,null,null
1/17/2014,null,null,null,null,null,null
1/21/2014,null,null,null,null,null,null
1/22/2014,null,null,null,null,null,null
1/23/2014,null,null,null,null,null,null
1/24/2014,null,null,null,null,null,null
1/27/2014,null,null,null,null,null,null
1/28/2014,null,null,null,null,null,null
1/29/2014,null,null,null,null,null,null
1/30/2014,null,null,null,null,null,null
1/31/2014,null,null,null,null,null,null
2/3/2014,null,null,null,null,null,null
2/4/2014,null,null,null,null,null,null
2/5/2014,null,null,null,null,null,null
2/6/2014,null,null,null,null,null,null
2/7/2014,null,null,null,null,null,null
2/10/2014,null,null,null,null,null,null
2/11/2014,null,null,null,null,null,null
2/12/2014,null,null,null,null,null,null
2/13/2014,null,null,null,null,null,null
2/14/2014,null,null,null,null,null,null
2/18/2014,null,null,null,null,null,null
2/19/2014,null,null,null,null,null,null
2/20/2014,null,null,null,null,null,null
2/21/2014,null,null,null,null,null,null
2/24/2014,null,null,null,null,null,null
2/25/2014,null,null,null,null,null,null
2/26/2014,null,null,null,null,null,null
2/27/2014,null,null,null,null,null,null
2/28/2014,null,null,null,null,null,null
3/3/2014,null,null,null,null,null,null
3/4/2014,null,null,null,null,null,null
3/5/2014,null,null,null,null,null,null
3/6/2014,null,null,null,null,null,null
3/7/2014,null,null,null,null,null,null
3/10/2014,null,null,null,null,null,null
3/11/2014,null,null,null,null,null,null
3/12/2014,null,null,null,null,null,null
3/13/2014,null,null,null,null,null,null
3/14/2014,null,null,null,null,null,null
3/17/2014,null,null,null,null,null,null
3/18/2014,null,null,null,null,null,null
3/19/2014,null,null,null,null,null,null
3/20/2014,null,null,null,null,null,null
3/21/2014,null,null,null,null,null,null
3/24/2014,null,null,null,null,null,null
3/25/2014,null,null,null,null,null,null
3/26/2014,null,null,null,null,null,null
3/27/2014,null,null,null,null,null,null
3/28/2014,null,null,null,null,null,null
3/31/2014,null,null,null,null,null,null
4/1/2014,null,null,null,null,null,null
4/2/2014,null,null,null,null,null,null
4/3/2014,null,null,null,null,null,null
4/4/2014,null,null,null,null,null,null
4/7/2014,null,null,null,null,null,null
4/8/2014,null,null,null,null,null,null
4/9/2014,null,null,null,null,null,null
4/10/2014,null,null,null,null,null,null
4/11/2014,null,null,null,null,null,null
4/14/2014,null,null,null,null,null,null
4/15/2014,null,null,null,null,null,null
4/16/2014,null,null,null,null,null,null
4/17/2014,null,null,null,null,null,null
4/21/2014,null,null,null,null,null,null
4/22/2014,null,null,null,null,null,null
4/23/2014,null,null,null,null,null,null
4/24/2014,null,null,null,null,null,null
4/25/2014,null,null,null,null,null,null
4/28/2014,null,null,null,null,null,null
4/29/2014,null,null,null,null,null,null
4/30/2014,null,null,null,null,null,null
5/1/2014,null,null,null,null,null,null
5/2/2014,null,null,null,null,null,null
5/5/2014,null,null,null,null,null,null
5/6/2014,null,null,null,null,null,null
5/7/2014,null,null,null,null,null,null
5/8/2014,null,null,null,null,null,null
5/9/2014,null,null,null,null,null,null
5/12/2014,null,null,null,null,null,null
5/13/2014,null,null,null,null,null,null
5/14/2014,null,null,null,null,null,null
5/15/2014,null,null,null,null,null,null
5/16/2014,null,null,null,null,null,null
5/19/2014,null,null,null,null,null,null
5/20/2014,null,null,null,null,null,null
5/21/2014,null,null,null,null,null,null
5/22/2014,null,null,null,null,null,null
5/23/2014,null,null,null,null,null,null
5/27/2014,null,null,null,null,null,null
5/28/2014,null,null,null,null,null,null
5/29/2014,null,null,null,null,null,null
5/30/2014,null,null,null,null,null,null
6/2/2014,null,null,null,null,null,null
6/3/2014,null,null,null,null,null,null
6/4/2014,null,null,null,null,null,null
6/5/2014,null,null,null,null,null,null
6/6/2014,null,null,null,null,null,null
6/9/2014,null,null,null,null,null,null
6/10/2014,null,null,null,null,null,null
6/11/2014,null,null,null,null,null,null
6/12/2014,null,null,null,null,null,null
6/13/2014,null,null,null,null,null,null
6/16/2014,null,null,null,null,null,null
6/17/2014,null,null,null,null,null,null
6/18/2014,null,null,null,null,null,null
6/19/2014,null,null,null,null,null,null
6/20/2014,null,null,null,null,null,null
6/23/2014,null,null,null,null,null,null
6/24/2014,null,null,null,null,null,null
6/25/2014,null,null,null,null,null,null
6/26/2014,null,null,null,null,null,null
6/27/2014,null,null,null,null,null,null
6/30/2014,null,null,null,null,null,null
7/1/2014,null,null,null,null,null,null
7/2/2014,null,null,null,null,null,null
7/3/2014,null,null,null,null,null,null
7/7/2014,null,null,null,null,null,null
7/8/2014,null,null,null,null,null,null
7/9/2014,null,null,null,null,null,null
7/10/2014,null,null,null,null,null,null
7/11/2014,null,null,null,null,null,null
7/14/2014,3.146,3.146,3.146,3.146,3.077494,0
7/15/2014,3.167,3.167,3.167,3.167,3.098037,0
7/16/2014,3.211,3.211,3.211,3.211,3.141079,0
7/17/2014,3.213,3.213,3.213,3.213,3.143036,0
7/18/2014,3.153,3.153,3.153,3.153,3.084342,0
7/21/2014,3.152,3.152,3.152,3.152,3.083364,0
7/22/2014,3.161,3.161,3.161,3.161,3.092168,0
7/23/2014,3.186,3.186,3.186,3.186,3.116624,0
7/24/2014,3.2,3.2,3.2,3.2,3.130319,0
7/25/2014,3.27,3.27,3.27,3.27,3.198794,0
7/28/2014,3.298,3.298,3.298,3.298,3.226185,0
7/29/2014,3.307,3.307,3.307,3.307,3.234988,0
7/30/2014,3.302,3.302,3.302,3.302,3.230097,0
7/31/2014,3.24,3.24,3.24,3.24,3.169448,0
8/1/2014,3.216,3.216,3.216,3.216,3.14597,0
8/4/2014,3.243,3.243,3.243,3.243,3.172382,0
8/5/2014,3.19,3.19,3.19,3.19,3.120537,0
8/6/2014,3.16,3.161,3.16,3.161,3.092168,0
8/7/2014,3.206,3.206,3.205,3.205,3.13521,0
8/8/2014,3.143,3.143,3.143,3.143,3.07456,0
8/11/2014,3.247,3.247,3.247,3.247,3.176296,0
8/12/2014,3.219,3.219,3.219,3.219,3.148905,0
8/13/2014,3.24,3.24,3.24,3.24,3.169448,0
8/14/2014,3.322,3.322,3.322,3.322,3.249662,0
8/15/2014,3.299,3.299,3.299,3.299,3.227163,0
8/18/2014,3.284,3.284,3.282,3.282,3.210533,0
8/19/2014,3.291,3.291,3.291,3.291,3.219337,0
8/20/2014,3.264,3.264,3.264,3.264,3.192925,0
8/21/2014,3.234,3.234,3.234,3.234,3.163579,0
8/22/2014,3.206,3.206,3.206,3.206,3.136188,0
8/25/2014,3.215,3.215,3.215,3.215,3.144992,0
8/26/2014,3.222,3.222,3.222,3.222,3.15184,0
8/27/2014,3.259,3.259,3.259,3.259,3.188034,0
8/28/2014,3.253,3.253,3.253,3.253,3.182165,0
8/29/2014,3.321,3.321,3.321,3.321,3.248684,0
9/2/2014,3.336,3.359,3.336,3.359,3.285856,0
9/3/2014,3.3,3.3,3.3,3.3,3.228141,0
9/4/2014,3.344,3.344,3.344,3.344,3.271183,0
9/5/2014,3.369,3.369,3.369,3.369,3.295639,0
9/8/2014,3.405,3.406,3.405,3.406,3.331833,0
9/9/2014,3.391,3.391,3.391,3.391,3.317159,0
9/10/2014,3.372,3.372,3.372,3.372,3.298573,0
9/11/2014,3.375,3.375,3.375,3.375,3.301508,0
9/12/2014,3.362,3.362,3.362,3.362,3.288791,0
9/15/2014,3.354,3.354,3.354,3.354,3.280965,0
9/16/2014,3.351,3.351,3.351,3.351,3.278031,0
9/17/2014,3.335,3.335,3.335,3.335,3.262379,0
9/18/2014,3.314,3.314,3.314,3.314,3.241836,0
9/19/2014,3.323,3.323,3.323,3.323,3.25064,0
9/22/2014,3.32,3.32,3.32,3.32,3.247705,0
9/23/2014,3.328,3.328,3.328,3.328,3.255531,0
9/24/2014,3.316,3.316,3.316,3.316,3.243792,0
9/25/2014,3.322,3.322,3.322,3.322,3.249662,0
9/26/2014,3.283,3.283,3.283,3.283,3.211511,0
9/29/2014,3.253,3.254,3.252,3.252,3.181186,0
9/30/2014,3.193,3.193,3.193,3.193,3.123471,0
10/1/2014,3.165,3.165,3.165,3.165,3.096081,0
10/2/2014,3.159,3.159,3.159,3.159,3.090211,0
10/3/2014,3.159,3.159,3.159,3.159,3.090211,0
10/6/2014,3.121,3.121,3.121,3.121,3.053039,0
10/7/2014,3.101,3.101,3.101,3.101,3.033474,0
10/8/2014,3.053,3.053,3.053,3.053,2.98652,0
10/9/2014,3.02,3.02,3.02,3.02,2.954238,0
10/10/2014,2.995,2.995,2.995,2.995,2.929782,0
10/13/2014,3.015,3.015,2.997,2.997,2.931739,1200
10/14/2014,2.973,2.973,2.973,2.973,2.908262,0
10/15/2014,3.002,3.002,3.002,3.002,2.93663,0
10/16/2014,2.874,2.874,2.874,2.874,2.811418,0
10/17/2014,2.893,2.893,2.893,2.893,2.830004,0
10/20/2014,3.017,3.017,3.017,3.017,2.951303,0
10/21/2014,2.905,2.905,2.905,2.905,2.841743,0
10/22/2014,2.992,2.992,2.992,2.992,2.926848,0
10/23/2014,2.965,2.965,2.965,2.965,2.900436,0
10/24/2014,2.988,2.988,2.988,2.988,2.922935,0
10/27/2014,3.036,3.036,3.036,3.036,2.96989,0
10/28/2014,3.051,3.051,3.051,3.051,2.984563,0
10/29/2014,3.124,3.124,3.124,3.124,3.055974,0
10/30/2014,3.15,3.15,3.15,3.15,3.081407,0
10/31/2014,3.201,3.201,3.197,3.197,3.127384,0
11/3/2014,3.176,3.176,3.176,3.176,3.106842,0
11/4/2014,3.204,3.204,3.204,3.204,3.134232,0
11/5/2014,3.219,3.219,3.219,3.219,3.148905,0
11/6/2014,3.139,3.139,3.139,3.139,3.070647,0
11/7/2014,3.169,3.169,3.169,3.169,3.099994,0
11/10/2014,3.195,3.195,3.195,3.195,3.125427,0
11/11/2014,3.216,3.216,3.216,3.216,3.14597,0
11/12/2014,3.221,3.221,3.221,3.221,3.150862,0
11/13/2014,3.282,3.282,3.282,3.282,3.210533,0
11/14/2014,3.323,3.323,3.323,3.323,3.25064,0
11/17/2014,3.279,3.279,3.279,3.279,3.207598,0
11/18/2014,3.318,3.318,3.318,3.318,3.245749,0
11/19/2014,3.294,3.294,3.294,3.294,3.222271,0
11/20/2014,3.211,3.211,3.211,3.211,3.141079,0
11/21/2014,3.318,3.318,3.318,3.318,3.245749,0
11/24/2014,3.333,3.333,3.333,3.333,3.260422,0
11/25/2014,3.332,3.332,3.332,3.332,3.259444,0
11/26/2014,3.34,3.34,3.34,3.34,3.26727,0
11/28/2014,3.287,3.287,3.264,3.264,3.192925,0
12/1/2014,3.27,3.27,3.27,3.27,3.198794,0
12/2/2014,3.288,3.288,3.288,3.288,3.216402,0
12/3/2014,3.113,3.113,3.113,3.113,3.045213,0
12/4/2014,3.251,3.251,3.251,3.251,3.180208,0
12/5/2014,3.315,3.315,3.315,3.315,3.242814,0
12/8/2014,3.406,3.406,3.406,3.406,3.331833,0
12/9/2014,3.396,3.396,3.396,3.396,3.322051,0
12/10/2014,3.344,3.344,3.344,3.344,3.271183,0
12/11/2014,3.335,3.335,3.335,3.335,3.262379,0
12/12/2014,3.324,3.324,3.324,3.324,3.251618,0
12/15/2014,3.244,3.244,3.244,3.244,3.17336,0
12/16/2014,3.167,3.167,3.167,3.167,3.098037,0
12/17/2014,3.277,3.277,3.277,3.277,3.205642,0
12/18/2014,3.377,3.377,3.377,3.377,3.303464,0
12/19/2014,3.457,3.457,3.457,3.457,3.381722,0
12/22/2014,3.487,3.487,3.487,3.487,3.411069,0
12/23/2014,3.443,3.443,3.443,3.443,3.368027,0
12/24/2014,3.443,3.443,3.443,3.443,3.368027,0
12/26/2014,3.443,3.443,3.443,3.443,3.368027,0
12/29/2014,3.476,3.476,3.476,3.476,3.400309,0
12/30/2014,3.471,3.471,3.459,3.459,3.383679,0
12/31/2014,3.471,3.471,3.471,3.471,3.395417,0
1/2/2015,3.459,3.465,3.459,3.465,3.389548,0
1/5/2015,3.545,3.545,3.545,3.545,3.467806,0
1/6/2015,3.459,3.459,3.459,3.459,3.383679,0
1/7/2015,3.452,3.452,3.452,3.452,3.376831,0
1/8/2015,3.465,3.465,3.465,3.465,3.389548,0
1/9/2015,3.409,3.409,3.409,3.409,3.334768,0
1/12/2015,null,null,null,null,null,null
1/13/2015,null,null,null,null,null,null
1/14/2015,null,null,null,null,null,null
1/15/2015,null,null,null,null,null,null
1/16/2015,null,null,null,null,null,null
1/20/2015,null,null,null,null,null,null
1/21/2015,null,null,null,null,null,null
1/22/2015,3.582,3.582,3.582,3.582,3.504,0
1/23/2015,3.728,3.728,3.728,3.728,3.646821,0
1/26/2015,3.956,3.956,3.956,3.956,3.869856,0
1/27/2015,3.926,3.926,3.926,3.926,3.84051,0
1/28/2015,3.945,3.945,3.945,3.945,3.859096,0
1/29/2015,3.999,3.999,3.999,3.999,3.91192,0
1/30/2015,4.084,4.084,4.084,4.084,3.995069,0
2/2/2015,4,4.116,4,4.116,4.026372,50
2/3/2015,4.026,4.026,4.026,4.026,3.938332,0
2/4/2015,3.927,3.927,3.927,3.927,3.841488,0
2/5/2015,4.043,4.043,4.043,4.043,3.954962,0
2/6/2015,4.012,4.012,4.012,4.012,3.924637,0
2/9/2015,4.045,4.045,4.045,4.045,3.956918,0
2/10/2015,4.067,4.067,4.067,4.067,3.978439,0
2/11/2015,3.991,3.991,3.991,3.991,3.904094,0
2/12/2015,3.912,3.912,3.912,3.912,3.826814,0
2/13/2015,3.957,3.957,3.957,3.957,3.870835,0
2/17/2015,4.04,4.073,4.04,4.073,3.984309,0
2/18/2015,4.063,4.063,4.063,4.063,3.974527,0
2/19/2015,4.08,4.08,4.08,4.08,3.991157,0
2/20/2015,4.179,4.179,4.179,4.179,4.088001,0
2/23/2015,4.207,4.207,4.207,4.207,4.11539,0
2/24/2015,4.286,4.286,4.286,4.286,4.19267,0
2/25/2015,4.342,4.342,4.342,4.342,4.247451,0
2/26/2015,4.409,4.409,4.409,4.409,4.312992,500
2/27/2015,4.392,4.392,4.392,4.392,4.296363,0
3/2/2015,4.261,4.261,4.261,4.261,4.168215,0
3/3/2015,4.229,4.229,4.229,4.229,4.136912,0
3/4/2015,4.233,4.233,4.233,4.233,4.140824,0
3/5/2015,4.288,4.288,4.288,4.288,4.194627,0
3/6/2015,4.273,4.273,4.273,4.273,4.179954,0
3/9/2015,4.275,4.275,4.275,4.275,4.18191,0
3/10/2015,4.284,4.284,4.284,4.284,4.190714,0
3/11/2015,4.305,4.305,4.305,4.305,4.211256,0
3/12/2015,4.361,4.361,4.361,4.361,4.266037,0
3/13/2015,4.31,4.31,4.31,4.31,4.216147,0
3/16/2015,4.381,4.381,4.381,4.381,4.285602,0
3/17/2015,4.307,4.307,4.307,4.307,4.213213,0
3/18/2015,4.3,4.3,4.3,4.3,4.206366,0
3/19/2015,4.293,4.293,4.293,4.293,4.199519,0
3/20/2015,4.289,4.289,4.289,4.289,4.195605,0
3/23/2015,4.283,4.283,4.283,4.283,4.189736,0
3/24/2015,4.212,4.212,4.211,4.211,4.119304,100
3/25/2015,null,null,null,null,null,null
3/26/2015,null,null,null,null,null,null
3/27/2015,null,null,null,null,null,null
3/30/2015,null,null,null,null,null,null
3/31/2015,null,null,null,null,null,null
4/1/2015,null,null,null,null,null,null
4/2/2015,null,null,null,null,null,null
4/6/2015,null,null,null,null,null,null
4/7/2015,null,null,null,null,null,null
4/8/2015,null,null,null,null,null,null
4/9/2015,null,null,null,null,null,null
4/10/2015,null,null,null,null,null,null
4/13/2015,null,null,null,null,null,null
4/14/2015,null,null,null,null,null,null
4/15/2015,4.918,4.918,4.918,4.918,4.810909,0
4/16/2015,5.005,5.005,5.005,5.005,4.896014,0
4/17/2015,5.031,5.031,5.031,5.031,4.921448,0
4/20/2015,null,null,null,null,null,null
4/21/2015,null,null,null,null,null,null
4/22/2015,null,null,null,null,null,null
4/23/2015,null,null,null,null,null,null
4/24/2015,null,null,null,null,null,null
4/27/2015,null,null,null,null,null,null
4/28/2015,null,null,null,null,null,null
4/29/2015,null,null,null,null,null,null
4/30/2015,null,null,null,null,null,null
5/1/2015,null,null,null,null,null,null
5/4/2015,4.708,4.708,4.708,4.708,4.605481,0
5/5/2015,4.737,4.737,4.737,4.737,4.63385,0
5/6/2015,null,null,null,null,null,null
5/7/2015,null,null,null,null,null,null
5/8/2015,null,null,null,null,null,null
5/11/2015,null,null,null,null,null,null
5/12/2015,null,null,null,null,null,null
5/13/2015,null,null,null,null,null,null
5/14/2015,null,null,null,null,null,null
5/15/2015,null,null,null,null,null,null
5/18/2015,null,null,null,null,null,null
5/19/2015,null,null,null,null,null,null
5/20/2015,4.623,4.623,4.623,4.623,4.522333,0
5/21/2015,null,null,null,null,null,null
5/22/2015,null,null,null,null,null,null
5/26/2015,null,null,null,null,null,null
5/27/2015,null,null,null,null,null,null
5/28/2015,null,null,null,null,null,null
5/29/2015,null,null,null,null,null,null
6/1/2015,4.947,4.947,4.947,4.947,4.839277,0
6/2/2015,5,5,5,5,4.891123,0
6/3/2015,4.935,4.935,4.935,4.935,4.827538,0
6/4/2015,4.89,4.89,4.89,4.89,4.783518,0
6/5/2015,4.966,4.966,4.966,4.966,4.857862,0
6/8/2015,null,null,null,null,null,null
6/9/2015,null,null,null,null,null,null
6/10/2015,null,null,null,null,null,null
6/11/2015,null,null,null,null,null,null
6/12/2015,null,null,null,null,null,null
6/15/2015,null,null,null,null,null,null
6/16/2015,null,null,null,null,null,null
6/17/2015,null,null,null,null,null,null
6/18/2015,null,null,null,null,null,null
6/19/2015,null,null,null,null,null,null
6/22/2015,null,null,null,null,null,null
6/23/2015,null,null,null,null,null,null
6/24/2015,null,null,null,null,null,null
6/25/2015,null,null,null,null,null,null
6/26/2015,null,null,null,null,null,null
6/29/2015,null,null,null,null,null,null
6/30/2015,null,null,null,null,null,null
7/1/2015,null,null,null,null,null,null
7/2/2015,null,null,null,null,null,null
7/6/2015,4.897,4.897,4.844,4.844,4.73852,0
7/7/2015,5.084,5.084,5.084,5.084,4.973294,0
7/8/2015,4.978,4.978,4.978,4.978,4.869602,0
7/9/2015,4.96,4.96,4.96,4.96,4.851994,0
7/10/2015,4.97,4.97,4.97,4.97,4.861775,0
7/13/2015,null,null,null,null,null,null
7/14/2015,null,null,null,null,null,null
7/15/2015,null,null,null,null,null,null
7/16/2015,null,null,null,null,null,null
7/17/2015,null,null,null,null,null,null
7/20/2015,null,null,null,null,null,null
7/21/2015,null,null,null,null,null,null
7/22/2015,null,null,null,null,null,null
7/23/2015,null,null,null,null,null,null
7/24/2015,null,null,null,null,null,null
7/27/2015,5.304,5.304,5.304,5.304,5.188503,0
7/28/2015,5.292,5.292,5.292,5.292,5.176764,0
7/29/2015,null,null,null,null,null,null
7/30/2015,null,null,null,null,null,null
7/31/2015,null,null,null,null,null,null
8/3/2015,null,null,null,null,null,null
8/4/2015,null,null,null,null,null,null
8/5/2015,null,null,null,null,null,null
8/6/2015,null,null,null,null,null,null
8/7/2015,null,null,null,null,null,null
8/10/2015,null,null,null,null,null,null
8/11/2015,null,null,null,null,null,null
8/12/2015,null,null,null,null,null,null
8/13/2015,null,null,null,null,null,null
8/14/2015,null,null,null,null,null,null
8/17/2015,null,null,null,null,null,null
8/18/2015,null,null,null,null,null,null
8/19/2015,null,null,null,null,null,null
8/20/2015,null,null,null,null,null,null
8/21/2015,null,null,null,null,null,null
8/24/2015,null,null,null,null,null,null
8/25/2015,null,null,null,null,null,null
8/26/2015,null,null,null,null,null,null
8/27/2015,null,null,null,null,null,null
8/28/2015,null,null,null,null,null,null
8/31/2015,null,null,null,null,null,null
9/1/2015,null,null,null,null,null,null
9/2/2015,null,null,null,null,null,null
9/3/2015,null,null,null,null,null,null
9/4/2015,null,null,null,null,null,null
9/8/2015,null,null,null,null,null,null
9/9/2015,null,null,null,null,null,null
9/10/2015,null,null,null,null,null,null
9/11/2015,null,null,null,null,null,null
9/14/2015,5.138,5.138,5.138,5.138,5.026118,0
9/15/2015,5.249,5.249,5.249,5.249,5.134701,0
9/16/2015,5.188,5.188,5.188,5.188,5.075029,0
9/17/2015,5.168,5.168,5.168,5.168,5.055464,0
9/18/2015,5.04,5.04,5.04,5.04,4.930251,0
9/21/2015,5.004,5.004,5.004,5.004,4.895036,0
9/22/2015,5.041,5.041,5.041,5.041,4.93123,0
9/23/2015,4.986,4.986,4.986,4.986,4.877428,0
9/24/2015,null,null,null,null,null,null
9/25/2015,null,null,null,null,null,null
9/28/2015,null,null,null,null,null,null
9/29/2015,null,null,null,null,null,null
9/30/2015,null,null,null,null,null,null
10/1/2015,null,null,null,null,null,null
10/2/2015,null,null,null,null,null,null
10/5/2015,null,null,null,null,null,null
10/6/2015,null,null,null,null,null,null
10/7/2015,null,null,null,null,null,null
10/8/2015,null,null,null,null,null,null
10/9/2015,null,null,null,null,null,null
10/12/2015,null,null,null,null,null,null
10/13/2015,null,null,null,null,null,null
10/14/2015,null,null,null,null,null,null
10/15/2015,null,null,null,null,null,null
10/16/2015,5.627,5.627,5.627,5.627,5.504469,1
10/19/2015,13.859755,13.859755,12.346419,12.398861,12.128872,2111100
10/20/2015,12.174109,12.683548,12.174109,12.638597,12.363387,947100
10/21/2015,12.923285,12.998202,12.286485,12.346419,12.077571,104900
10/22/2015,12.518729,12.773449,12.166616,12.698531,12.422015,146800
10/23/2015,12.923285,12.923285,12.623614,12.735991,12.458659,79900
10/26/2015,12.818399,12.818399,12.219059,12.301469,12.0336,687100
10/27/2015,12.406353,12.548697,11.687144,11.784537,11.527924,848900
10/28/2015,11.911897,12.249026,11.870692,12.196584,11.930999,395500
10/29/2015,11.994307,12.189092,11.649685,11.949356,11.689153,387600
10/30/2015,11.911897,12.061732,11.027869,11.027869,10.787732,3269300
11/2/2015,11.230146,11.364999,10.383578,10.855559,10.619175,54548200
11/3/2015,10.540905,11.020377,10.244981,10.758166,10.523903,53666700
11/4/2015,10.780642,10.870543,10.196284,10.233743,10.0109,42080600
11/5/2015,10.21876,10.406054,9.829188,9.949056,9.73241,29619800
11/6/2015,9.874139,10.848067,9.851664,10.788133,10.553216,40110700
11/9/2015,10.683249,10.848067,10.585855,10.638298,10.406646,23396500
11/10/2015,10.585855,10.8181,10.495955,10.795625,10.560546,19725400
11/11/2015,10.638298,10.720707,10.555888,10.570872,10.340687,14695300
11/12/2015,10.346119,10.353611,10.1813,10.26371,10.040212,27192100
11/13/2015,10.196284,10.308661,9.851664,10.031466,9.813026,19921200
11/16/2015,10.016481,10.196284,9.844172,10.023973,9.805697,18395800
11/17/2015,10.023973,10.106383,9.829188,9.904105,9.688438,16579200
11/18/2015,10.098891,10.286185,9.880881,10.21876,9.996243,17379700
11/19/2015,10.13635,10.406054,10.128859,10.323644,10.098842,17581300
11/20/2015,10.323644,10.960443,10.248727,10.64579,10.413974,24773000
11/23/2015,10.615823,10.64579,10.166317,10.376086,10.150144,20445500
11/24/2015,10.173809,10.507192,10.113874,10.256218,10.032884,32183200
11/25/2015,10.421037,11.132754,10.368594,10.578363,10.348016,30269300
11/27/2015,10.578363,10.967936,10.525922,10.750674,10.516573,8064400
11/30/2015,10.660773,11.237638,10.623314,11.132754,10.890333,38848400
12/1/2015,11.147738,11.896914,11.125262,11.694636,11.439981,33512200
12/2/2015,11.514833,11.642194,11.140245,11.20018,10.956293,16926700
12/3/2015,11.237638,11.492358,10.922985,10.952951,10.714448,25234600
12/4/2015,10.780642,11.458646,10.668265,11.402457,11.154163,16019000
12/7/2015,11.237638,11.597243,11.177705,11.574768,11.363783,12742000
12/8/2015,11.305064,11.4549,10.952951,11.364999,11.157837,15507100
12/9/2015,11.230146,11.529818,10.997902,11.125262,10.92247,19036700
12/10/2015,11.080312,11.095295,10.885526,11.027869,10.826853,13550200
12/11/2015,11.230146,11.537309,10.593348,10.623314,10.42967,14170500
12/14/2015,10.713216,10.86305,10.428529,10.8181,10.620905,15387700
12/15/2015,10.870543,11.222655,10.851813,10.908001,10.70917,17203800
12/16/2015,10.952951,11.095295,10.90051,11.012886,10.812141,10466100
12/17/2015,10.94546,11.027869,10.653281,10.720707,10.525289,10177400
12/18/2015,10.690741,10.776896,10.488462,10.608331,10.414961,25811800
12/21/2015,10.578363,10.788133,10.391069,10.503447,10.311989,13165500
12/22/2015,10.51843,10.593348,10.428529,10.533413,10.341411,9734000
12/23/2015,10.630806,11.215163,10.525922,11.170213,10.966601,15019100
12/24/2015,11.095295,11.364999,11.080312,11.252622,11.047509,2907800
12/28/2015,11.15523,11.447408,11.102787,11.409949,11.201967,7916100
12/29/2015,11.4549,11.565028,11.37249,11.387474,11.179902,8376900
12/30/2015,11.4549,11.597243,11.350015,11.447408,11.238744,8376100
12/31/2015,11.409949,11.469883,11.312556,11.387474,11.179902,8860000
1/4/2016,11.215163,11.350015,11.042852,11.335032,11.128418,20124500
1/5/2016,11.335032,11.424932,11.192688,11.260114,11.054864,13786000
1/6/2016,10.952951,11.237638,10.870543,11.087804,10.885695,15103300
1/7/2016,10.86305,10.908001,10.226251,10.271202,10.083979,26488700
1/8/2016,10.316153,10.503447,9.971531,10.143842,9.958941,21933300
1/11/2016,10.061433,10.271202,9.791729,9.934072,9.752993,20169800
1/12/2016,10.001498,10.053941,9.806712,9.934072,9.752993,16629600
1/13/2016,10.001498,10.001498,9.387174,9.551992,9.377878,23653700
1/14/2016,9.551992,9.866647,9.477076,9.739286,9.561758,17822900
1/15/2016,9.439616,9.589452,9.357207,9.394666,9.223419,26259900
1/19/2016,9.499551,9.574468,9.139946,9.229847,9.061605,17253400
1/20/2016,8.990111,9.139946,8.70917,9.035062,8.870371,22211200
1/21/2016,8.990111,9.394666,8.855259,9.297273,9.127801,22330600
1/22/2016,9.514534,10.061433,9.477076,10.001498,9.81919,20382200
1/25/2016,9.956548,10.151334,9.829188,9.994006,9.811834,14927600
1/26/2016,10.001498,10.282439,10.001498,10.188792,10.003071,14317100
1/27/2016,10.13635,10.196284,9.705574,10.031466,9.84861,24673100
1/28/2016,10.076416,10.26371,9.791729,9.88163,9.701508,13180300
1/29/2016,10.046449,10.398561,10.001498,10.308661,10.120752,15165800
2/1/2016,10.241235,10.398561,10.13635,10.331136,10.142818,12746800
2/2/2016,10.26371,10.465987,10.00899,10.076416,9.892742,12917500
2/3/2016,10.233743,10.316153,9.821696,10.016481,9.8339,10081700
2/4/2016,9.971531,10.406054,9.971531,10.376086,10.186951,8674900
2/5/2016,10.256218,10.301168,9.765508,9.889122,9.708862,17656300
2/8/2016,9.739286,9.776746,9.267306,9.37219,9.201354,19776200
2/9/2016,9.267306,9.634402,9.222356,9.529517,9.355812,8925100
2/10/2016,9.566977,9.791729,9.522026,9.634402,9.458785,7985000
2/11/2016,9.417141,9.492059,9.001348,9.289782,9.120447,13126800
2/12/2016,9.364698,9.58196,9.124963,9.207372,9.039539,14081300
2/16/2016,9.297273,9.357207,9.192389,9.237339,9.068959,15986700
2/17/2016,9.28229,9.844172,9.267306,9.754271,9.576468,11567600
2/18/2016,9.776746,10.26371,9.754271,10.13635,9.951584,15662600
2/19/2016,10.121367,10.293677,9.92658,10.241235,10.054558,12566300
2/22/2016,10.301168,10.398561,10.166317,10.338628,10.150176,14356500
2/23/2016,10.278693,10.353611,9.619419,9.806712,9.627955,19550800
2/24/2016,9.739286,10.166317,9.604435,10.13635,9.951584,17655200
2/25/2016,10.076416,10.271202,9.919089,10.248727,10.061913,16124200
2/26/2016,10.323644,10.338628,9.851664,10.068924,9.885386,14448800
2/29/2016,9.971531,10.098891,9.889122,9.941565,9.760348,17015000
3/1/2016,10.053941,10.091399,9.806712,9.949056,9.767704,11151100
3/2/2016,10.023973,10.525922,10.001498,10.413545,10.223725,13370200
3/3/2016,10.421037,10.451004,9.949056,10.188792,10.003071,13387500
3/4/2016,11.162721,11.866946,11.102787,11.567276,11.356426,44542900
3/7/2016,11.335032,11.979322,11.282589,11.964339,11.788239,24664700
3/8/2016,11.79952,11.829488,11.39122,11.409949,11.242009,16458700
3/9/2016,11.492358,11.8632,11.462391,11.604734,11.433928,14775400
3/10/2016,11.649685,12.144141,11.62721,11.911897,11.736568,19067700
3/11/2016,11.986814,12.316452,11.986814,12.234042,12.053972,20934400
3/14/2016,12.13665,12.413845,12.016782,12.293977,12.113025,12910700
3/15/2016,12.256517,12.64609,12.174109,12.56368,12.378759,18599300
3/16/2016,12.518729,12.9083,12.43632,12.878334,12.688782,16703600
3/17/2016,12.833384,12.983218,12.706023,12.855859,12.666636,14506800
3/18/2016,12.86335,13.170512,12.795924,12.983218,12.792122,41329200
3/21/2016,12.983218,13.440216,12.960743,13.267905,13.072619,14323600
3/22/2016,13.043153,13.5451,12.99071,13.11807,12.924988,15107900
3/23/2016,13.125562,13.163021,12.803416,13.080611,12.888082,15263300
3/24/2016,13.043153,13.215463,12.818399,13.163021,12.969277,11839600
3/28/2016,13.095594,13.234193,12.900809,13.11807,12.924988,7384500
3/29/2016,13.013186,13.24543,12.900809,13.222955,13.028331,7910800
3/30/2016,13.275397,13.421486,13.207972,13.402757,13.205486,14085600
3/31/2016,13.365298,13.455199,13.11807,13.282888,13.087382,13868300
4/1/2016,13.192987,13.893467,13.155529,13.784837,13.581942,19821600
4/4/2016,13.822295,13.822295,13.432724,13.515133,13.316208,10233900
4/5/2016,13.387774,13.417741,13.155529,13.192987,12.998804,11078800
4/6/2016,13.222955,13.470182,13.080611,13.455199,13.257156,13871100
4/7/2016,13.32784,13.515133,13.204226,13.29038,13.094764,12565400
4/8/2016,13.37279,13.706173,13.342823,13.402757,13.205486,9717000
4/11/2016,13.447707,13.530117,13.230447,13.282888,13.087382,7846600
4/12/2016,13.267905,13.305364,12.870842,12.915792,12.725689,11730000
4/13/2016,12.953252,13.11807,12.848367,13.110579,12.917607,11003000
4/14/2016,13.005693,13.035661,12.780941,12.930777,12.740452,8924700
4/15/2016,13.043153,13.095594,12.623614,13.035661,12.843792,15833300
4/18/2016,12.893317,13.09934,12.840875,13.065628,12.873319,7552400
4/19/2016,13.080611,13.095594,12.848367,12.915792,12.725689,8595700
4/20/2016,12.788433,13.110579,12.788433,13.035661,12.843792,7261400
4/21/2016,12.99071,13.29038,12.975727,13.080611,12.888082,7969200
4/22/2016,13.065628,13.260413,12.983218,13.103086,12.910227,10622300
4/25/2016,13.005693,13.043153,12.601139,12.893317,12.703545,7798000
4/26/2016,12.923285,13.084357,12.9083,13.005693,12.814267,8389300
4/27/2016,12.960743,13.125562,12.923285,12.968235,12.777359,8494100
4/28/2016,12.86335,13.024424,12.676056,12.758466,12.570678,6390400
4/29/2016,12.653581,12.668565,12.368895,12.481271,12.297564,9461100
5/2/2016,12.481271,12.548697,12.196584,12.286485,12.105643,11294000
5/3/2016,12.159125,12.174109,11.821996,11.934372,11.758713,14770400
5/4/2016,11.836979,11.986814,11.747078,11.934372,11.758713,8860200
5/5/2016,11.949356,11.964339,11.717112,11.777045,11.603703,4697400
5/6/2016,11.70962,11.88193,11.657177,11.821996,11.647991,6652100
5/9/2016,11.769553,11.956847,11.739587,11.88193,11.707044,6598300
5/10/2016,11.904406,11.911897,11.694636,11.904406,11.729188,6355900
5/11/2016,11.904406,12.252772,11.896914,12.001798,11.825147,8636400
5/12/2016,12.05424,12.0917,11.877435,11.911897,11.736568,7231800
5/13/2016,11.911897,12.072969,11.75457,11.814504,11.64061,9061900
5/16/2016,11.807013,12.057986,11.769553,11.956847,11.780858,11772100
5/17/2016,11.896914,12.13665,11.75457,11.851963,11.677517,19478200
5/18/2016,11.829488,11.934372,11.623465,11.739587,11.566795,8778300
5/19/2016,11.619719,11.829488,11.522326,11.821996,11.647991,8923000
5/20/2016,11.807013,11.979322,11.732095,11.889421,11.714425,11990300
5/23/2016,11.896914,12.189092,11.889421,12.039257,11.862055,11545800
5/24/2016,12.061732,12.241534,11.979322,12.174109,11.994921,16767800
5/25/2016,13.732394,13.859755,12.825891,12.998202,12.806886,58509300
5/26/2016,12.735991,13.252922,12.616122,13.028169,12.836411,29009300
5/27/2016,13.080611,13.739886,13.080611,13.679952,13.478601,30638800
5/31/2016,13.485167,13.837279,13.305364,13.837279,13.633612,33307100
6/1/2016,13.717411,13.769854,13.590051,13.702427,13.500745,16408800
6/2/2016,13.590051,13.88223,13.560084,13.859755,13.655758,18237700
6/3/2016,13.784837,13.859755,13.694936,13.747378,13.545035,12394200
6/6/2016,13.694936,14.211867,13.694936,14.159425,13.992952,17140500
6/7/2016,14.114474,14.417891,14.062032,14.35421,14.185449,19069200
6/8/2016,14.43662,14.698832,14.384177,14.496553,14.326118,21117400
6/9/2016,14.526521,14.721307,14.48157,14.646389,14.474192,12514200
6/10/2016,14.466587,14.48157,14.159425,14.324244,14.155833,13122000
6/13/2016,14.241834,14.346719,13.919688,13.934671,13.770841,13544400
6/14/2016,13.837279,13.964639,13.646239,13.717411,13.556135,19162500
6/15/2016,13.807312,14.279293,13.792329,14.084507,13.918915,15974300
6/16/2016,13.994606,14.106982,13.915942,13.979623,13.815264,16457100
6/17/2016,13.92718,14.241834,13.852262,14.189392,14.022568,22212500
6/20/2016,14.399161,14.691339,14.35421,14.519029,14.348328,21182600
6/21/2016,14.541504,14.871141,14.429128,14.803716,14.629669,15427200
6/22/2016,14.728798,14.803716,14.376686,14.391669,14.222466,14113200
6/23/2016,14.511538,14.751273,14.489062,14.721307,14.548228,13594100
6/24/2016,13.942163,14.294276,13.567575,13.605035,13.44508,33931500
6/27/2016,13.485167,13.492658,12.709769,12.885825,12.734325,24347100
6/28/2016,13.110579,13.170512,12.814654,13.035661,12.882401,18201000
6/29/2016,13.29038,13.417741,13.189241,13.320348,13.16374,11025300
6/30/2016,13.425232,13.859755,13.395266,13.687444,13.526521,16675200
7/1/2016,13.837279,13.964639,13.597543,13.852262,13.689401,11917700
7/5/2016,13.777345,13.807312,13.440216,13.635001,13.474694,8188700
7/6/2016,13.485167,13.807312,13.425232,13.784837,13.622768,9696600
7/7/2016,13.739886,14.017081,13.739886,13.837279,13.674595,8378500
7/8/2016,14.05454,14.264309,13.915942,14.264309,14.096603,14547300
7/11/2016,14.346719,14.582709,14.339227,14.489062,14.318715,13563800
7/12/2016,14.556488,14.908601,14.556488,14.751273,14.577843,17284900
7/13/2016,14.751273,14.803716,14.459095,14.608931,14.437173,9166800
7/14/2016,14.698832,15.107882,14.698832,14.976027,14.799953,19915400
7/15/2016,15.043452,15.110878,14.751273,14.811208,14.637073,11673400
7/18/2016,14.773749,14.968534,14.721307,14.826191,14.651878,7849800
7/19/2016,14.751273,14.938567,14.743782,14.826191,14.651878,7387700
7/20/2016,14.833683,15.043452,14.777494,15.028469,14.851779,7093100
7/21/2016,15.005994,15.103386,14.762511,14.796225,14.622266,12087100
7/22/2016,14.848666,15.020977,14.788733,15.020977,14.844375,11167600
7/25/2016,15.245729,15.350615,15.125861,15.140845,14.962833,12967400
7/26/2016,15.125861,15.328139,15.092149,15.320647,15.140523,10608400
7/27/2016,15.358106,15.48172,15.176805,15.245729,15.066485,8747300
7/28/2016,15.208271,15.305664,15.095895,15.215763,15.036872,5816300
7/29/2016,15.223254,16.406952,15.058435,15.747678,15.562532,41994000
8/1/2016,15.837579,16.174707,15.455499,15.792628,15.606954,18547900
8/2/2016,15.755169,15.807611,15.466737,15.560384,15.377441,14717100
8/3/2016,15.560384,16.122265,15.492958,16.114773,15.925312,18551100
8/4/2016,16.092299,16.421936,16.077314,16.302067,16.110401,11915000
8/5/2016,16.362001,16.631704,16.309559,16.414444,16.22146,12668700
8/8/2016,16.481871,16.60923,16.167215,16.219658,16.028961,10379600
8/9/2016,16.279593,16.376986,16.197184,16.257116,16.065981,10756600
8/10/2016,16.279593,16.294577,16.05484,16.144741,15.954926,7594200
8/11/2016,16.174707,16.376986,16.122265,16.317051,16.125212,10113200
8/12/2016,16.242134,16.451902,16.103537,16.39946,16.206654,14097200
8/15/2016,16.429428,16.624214,16.406952,16.489361,16.295494,9555100
8/16/2016,16.406952,16.60923,16.339527,16.530567,16.336218,8144400
8/17/2016,16.526821,16.624214,16.092299,16.212166,16.021559,13040400
8/18/2016,16.137249,16.39946,16.137249,16.376986,16.184441,8967300
8/19/2016,16.317051,16.451902,16.287085,16.39197,16.199249,8063900
8/22/2016,16.347019,16.46314,16.204676,16.43692,16.243671,5925900
8/23/2016,16.504345,16.534313,16.388224,16.429428,16.236267,10565600
8/24/2016,16.421936,16.519329,16.234642,16.249626,16.05858,6024200
8/25/2016,16.204676,16.433174,16.069822,16.362001,16.169632,9569700
8/26/2016,16.406952,16.549295,16.189692,16.317051,16.125212,7061600
8/29/2016,16.302067,16.579264,16.279593,16.362001,16.169632,7863100
8/30/2016,16.362001,16.451902,16.069822,16.167215,15.977139,12232100
8/31/2016,16.137249,16.242134,15.852562,16.092299,15.903101,12760400
9/1/2016,16.05484,16.721605,15.792628,16.601738,16.406551,25246400
9/2/2016,16.60923,16.706623,16.43692,16.639196,16.443569,8766200
9/6/2016,16.616722,16.616722,16.294577,16.376986,16.184441,11398900
9/7/2016,16.489361,16.721605,16.114773,16.549295,16.354725,27421800
9/8/2016,16.481871,16.631704,15.97243,16.017382,15.829066,39040300
9/9/2016,15.845071,16.084806,15.67276,15.67276,15.488495,21043100
9/12/2016,15.522924,16.043602,15.455499,15.949955,15.762431,17018900
9/13/2016,15.807611,16.00989,15.770153,15.852562,15.666183,16020900
9/14/2016,15.830087,16.043602,15.800119,16.002398,15.814257,14651800
9/15/2016,15.97243,16.586754,15.949955,16.579264,16.38434,17209800
9/16/2016,16.534313,16.721605,16.451902,16.676655,16.480585,21822700
9/19/2016,16.759066,17.231047,16.751574,16.99131,16.791542,16028100
9/20/2016,17.047499,17.18984,16.94636,16.94636,16.74712,12905300
9/21/2016,16.931376,17.320948,16.908899,17.320948,17.117306,14250400
9/22/2016,17.33593,17.628109,17.33593,17.410849,17.20615,13667200
9/23/2016,17.328438,17.429577,17.16362,17.216063,17.013655,9673400
9/26/2016,17.126162,17.204824,16.961342,17.073719,16.872986,10821300
9/27/2016,16.998802,17.249775,16.902157,17.171112,16.969231,17518900
9/28/2016,17.231047,17.37339,17.096193,17.261013,17.058075,9440500
9/29/2016,17.201078,17.463291,17.1374,17.156128,16.954424,12084600
9/30/2016,17.290979,17.448307,16.923883,17.043753,16.84337,21637200
10/3/2016,16.923883,17.107431,16.893917,16.968834,16.769333,15603800
10/4/2016,16.99131,17.178604,16.676655,16.774048,16.576834,12193200
10/5/2016,16.82649,17.133654,16.82649,17.081211,16.880386,9706100
10/6/2016,17.036261,17.11867,16.953852,16.99131,16.791542,8743200
10/7/2016,16.983818,17.006292,16.60923,16.736589,16.580021,12498500
10/10/2016,16.841475,16.998802,16.811508,16.856459,16.698769,12283300
10/11/2016,16.856459,16.856459,16.403206,16.466887,16.312841,13494400
10/12/2016,16.541803,16.571772,16.332035,16.481871,16.327684,10361700
10/13/2016,16.317051,16.44441,16.077314,16.302067,16.149563,18435700
10/14/2016,16.137249,16.44441,16.088552,16.129757,15.978866,18101600
10/17/2016,16.107283,16.249626,15.890021,15.934972,15.785902,15544800
10/18/2016,16.137249,16.174707,15.807611,16.084806,15.934335,15598400
10/19/2016,16.189692,16.459394,16.144741,16.279593,16.127296,23345100
10/20/2016,16.204676,16.414444,16.137249,16.39197,16.238625,14137200
10/21/2016,16.257116,16.279593,16.069822,16.204676,16.053082,15973900
10/24/2016,16.242134,16.324543,16.174707,16.242134,16.090189,12072000
10/25/2016,16.242134,16.257116,16.024872,16.182199,16.030817,12341800
10/26/2016,16.129757,16.339527,16.084806,16.332035,16.179251,10149400
10/27/2016,16.39197,16.774048,16.39197,16.624214,16.468697,16879300
10/28/2016,16.631704,16.848967,16.481871,16.60923,16.453852,10020600
10/31/2016,16.669165,16.871441,16.646688,16.833982,16.676502,10866400
11/1/2016,16.796524,16.901409,16.309559,16.541803,16.387056,9849700
11/2/2016,16.511837,16.60923,16.384478,16.496853,16.342525,11089900
11/3/2016,16.534313,16.616722,16.302067,16.332035,16.179251,9341800
11/4/2016,16.212166,16.78079,16.122265,16.511837,16.357368,10299400
11/7/2016,16.766558,17.37339,16.759066,17.313456,17.151489,14422100
11/8/2016,17.313456,17.598143,17.148636,17.410849,17.247971,17057200
11/9/2016,16.811508,17.643093,16.751574,17.403357,17.240551,20497800
11/10/2016,17.493258,17.747976,17.16362,17.283487,17.121801,17410100
11/11/2016,17.246029,17.515732,17.171112,17.463291,17.299923,12607700
11/14/2016,17.493258,17.695536,17.283487,17.493258,17.329611,16516200
11/15/2016,17.583158,17.628109,17.33593,17.538208,17.37414,19722200
11/16/2016,17.463291,17.71801,17.388372,17.628109,17.4632,15415600
11/17/2016,17.583158,17.732994,17.425831,17.680552,17.515152,14549900
11/18/2016,17.747229,17.867846,17.433323,17.463291,17.299923,22148600
11/21/2016,17.5457,17.643093,17.088703,17.320948,17.158911,31108000
11/22/2016,17.305964,17.485765,16.935122,17.133654,16.973372,32257700
11/23/2016,17.006292,17.703026,16.833982,17.643093,17.478043,28780200
11/25/2016,17.246029,17.523224,17.013784,17.395864,17.233128,14212600
11/28/2016,17.20857,17.523224,17.141144,17.485765,17.322189,29173300
11/29/2016,17.395864,17.905304,17.395864,17.785437,17.619055,18799900
11/30/2016,17.822895,17.901558,17.703026,17.830387,17.663586,19318900
12/1/2016,17.815403,17.905304,17.478273,17.508242,17.344454,16271800
12/2/2016,17.50075,17.905304,17.485765,17.867846,17.700693,9797600
12/5/2016,17.920288,18.145041,17.852861,18.137548,17.967873,13711300
12/6/2016,18.10009,18.115074,17.897812,17.950254,17.782331,13142900
12/7/2016,17.860353,18.572071,17.837879,18.489662,18.316692,21744600
12/8/2016,18.467186,18.572071,18.362301,18.459694,18.287006,9477300
12/9/2016,18.399761,18.557087,18.219957,18.362301,18.190523,17771600
12/12/2016,18.047647,18.145041,17.755468,17.905304,17.784971,16485500
12/13/2016,17.860353,18.145041,17.792929,17.92778,17.807295,14500000
12/14/2016,17.785437,18.264908,17.777945,17.920288,17.799854,13126600
12/15/2016,17.867846,17.88283,17.732994,17.777945,17.658466,21494400
12/16/2016,17.703026,17.819149,17.515732,17.598143,17.479874,27529100
12/19/2016,17.5457,17.905304,17.5457,17.777945,17.658466,9076500
12/20/2016,17.807911,17.965239,17.71801,17.860353,17.740322,12104000
12/21/2016,17.860353,18.010189,17.826641,17.897812,17.777529,7236400
12/22/2016,17.912796,17.972731,17.620617,17.800419,17.68079,8546000
12/23/2016,17.807911,17.860353,17.740486,17.845369,17.725439,7855500
12/27/2016,17.837879,17.905304,17.695536,17.785437,17.665907,5052000
12/28/2016,17.845369,17.845369,17.448307,17.455799,17.338488,8803400
12/29/2016,17.440815,17.583158,17.365898,17.485765,17.368252,6872600
12/30/2016,17.403357,17.568174,17.253521,17.33593,17.219421,8426900
1/3/2017,17.37339,17.583158,17.216063,17.38088,17.264072,10753900
1/4/2017,17.455799,17.76296,17.410849,17.568174,17.450106,9285500
1/5/2017,17.568174,17.665567,17.478273,17.650585,17.531963,15425200
1/6/2017,17.658075,17.658075,16.789032,17.305964,17.189657,19410100
1/9/2017,17.33593,17.368145,16.863949,16.901409,16.787821,19077800
1/10/2017,16.998802,17.238537,16.863949,17.193586,17.078035,18008400
1/11/2017,17.171112,17.216063,16.938868,17.051243,16.936649,12382900
1/12/2017,17.028769,17.111177,16.80027,17.043753,16.929209,11043000
1/13/2017,17.043753,17.268505,17.036261,17.186096,17.070595,7684400
1/17/2017,17.103685,17.223555,16.957596,16.998802,16.884562,7878600
1/18/2017,17.058735,17.223555,16.923883,17.126162,17.011065,11277000
1/19/2017,17.073719,17.141144,16.99131,17.058735,16.94409,7739800
1/20/2017,17.073719,17.156128,16.961342,17.141144,17.025946,12086300
1/23/2017,17.096193,17.178604,16.774048,16.908899,16.795261,12113700
1/24/2017,17.013784,17.298471,16.976326,17.148636,17.033388,10973300
1/25/2017,17.246029,17.33593,17.107431,17.216063,17.100361,9738500
1/26/2017,17.201078,17.298471,16.94636,16.94636,16.832472,8188300
1/27/2017,17.028769,17.081211,16.841475,16.893917,16.78038,9089900
1/30/2017,16.848967,16.848967,16.474379,16.594246,16.482723,12473900
1/31/2017,16.586754,16.998802,16.362001,16.99131,16.877119,16665500
2/1/2017,17.028769,17.066227,16.759066,16.923883,16.810146,13000500
2/2/2017,16.676655,17.032515,16.676655,16.998802,16.884562,11074700
2/3/2017,17.043753,17.665567,17.043753,17.605635,17.487314,17930700
2/6/2017,17.493258,17.725502,17.463291,17.635601,17.51708,7332400
2/7/2017,17.635601,17.826641,17.620617,17.747976,17.628698,8683000
2/8/2017,17.695536,17.89032,17.643093,17.703026,17.584051,8121800
2/9/2017,17.703026,18.070124,17.650585,18.040155,17.918915,9356500
2/10/2017,18.040155,18.175007,17.965239,17.972731,17.851944,11093600
2/13/2017,17.995205,18.152533,17.950254,18.070124,17.948683,8633000
2/14/2017,18.040155,18.092598,17.950254,18.085106,17.963564,13022900
2/15/2017,18.145041,18.309858,18.047647,18.264908,18.142157,9125200
2/16/2017,18.257418,18.339827,18.137548,18.227449,18.10495,9141500
2/17/2017,18.167515,18.294876,18.077614,18.279892,18.157042,10122300
2/21/2017,18.279892,18.504644,18.249926,18.474678,18.350517,12634100
2/22/2017,18.384777,18.639496,18.354809,18.564579,18.439814,10192700
2/23/2017,18.602037,18.624514,18.354809,18.474678,18.350517,17760500
2/24/2017,16.575518,17.216063,16.556787,17.201078,17.085478,62577800
2/27/2017,17.051243,17.051243,16.684147,16.714115,16.601788,25377800
2/28/2017,16.534313,17.1374,16.481871,17.096193,16.981297,24507000
3/1/2017,17.238537,17.455799,17.178604,17.365898,17.249189,17715800
3/2/2017,17.320948,17.388372,17.111177,17.193586,17.078035,14386600
3/3/2017,17.16362,17.433323,17.141144,17.268505,17.152451,15440900
3/6/2017,17.11867,17.328438,17.103685,17.283487,17.167332,20770100
3/7/2017,17.20857,17.37339,17.006292,17.096193,16.981297,18550500
3/8/2017,17.081211,17.11867,16.908899,16.94636,16.832472,16957500
3/9/2017,16.878933,16.998802,16.766558,16.833982,16.720848,14722400
3/10/2017,16.878933,16.998802,16.631704,16.759066,16.646435,14887000
3/13/2017,16.624214,16.804016,16.60923,16.721605,16.657633,13465900
3/14/2017,16.661673,16.729097,16.496853,16.654181,16.590466,13465900
3/15/2017,16.654181,17.11867,16.56428,16.998802,16.933769,18705700
3/16/2017,17.006292,17.126162,16.856459,16.961342,16.896452,13745500
3/17/2017,16.968834,17.223555,16.863949,17.11867,17.053177,16514400
3/20/2017,17.058735,17.279743,16.976326,17.193586,17.127808,11443100
3/21/2017,17.193586,17.290979,16.631704,16.669165,16.605392,21620500
3/22/2017,16.646688,16.893917,16.556787,16.856459,16.791969,12136800
3/23/2017,16.818998,17.201078,16.766558,17.081211,17.015862,13030400
3/24/2017,17.126162,17.410849,16.953852,17.058735,16.993471,12245400
3/27/2017,16.893917,17.11867,16.766558,17.021276,16.956158,8928200
3/28/2017,16.998802,17.388372,16.953852,17.238537,17.172586,11246700
3/29/2017,17.231047,17.92778,17.159874,17.732994,17.665152,22997900
3/30/2017,17.680552,17.845369,17.620617,17.695536,17.627836,11943100
3/31/2017,17.553192,17.980223,17.553192,17.755468,17.68754,18988500
4/3/2017,18,18.059999,17.309999,17.57,17.502781,32015600
4/4/2017,17.4,17.91,17.35,17.9,17.831518,19049200
4/5/2017,17.98,18.1,17.780001,17.9,17.831518,19009000
4/6/2017,17.98,18.129999,17.91,18.02,17.951059,12395000
4/7/2017,17.959999,18.450001,17.91,18.280001,18.210066,28146600
4/10/2017,18.34,18.51,18.24,18.299999,18.229988,22041200
4/11/2017,18.26,18.35,18.09,18.18,18.110447,11342900
4/12/2017,18.33,18.34,17.940001,18.049999,17.980944,13723000
4/13/2017,18.01,18.16,17.940001,17.99,17.921173,16281400
4/17/2017,18.02,18.129999,17.98,18.110001,18.040716,7940000
4/18/2017,18.08,18.200001,17.983999,18.129999,18.060638,8009900
4/19/2017,18.15,18.290001,18.09,18.16,18.090523,7303000
4/20/2017,18.23,18.41,18.174999,18.33,18.259872,10243900
4/21/2017,18.299999,18.315001,18.02,18.139999,18.070601,12245200
4/24/2017,18.25,18.540001,18.205,18.440001,18.369453,14046500
4/25/2017,18.49,18.59,18.42,18.52,18.449146,8534800
4/26/2017,18.5,18.780001,18.42,18.610001,18.538803,10930200
4/27/2017,18.6,18.66,18.43,18.629999,18.558725,13814800
4/28/2017,18.620001,18.700001,18.49,18.629999,18.558725,9281900
5/1/2017,18.690001,18.83,18.639999,18.73,18.658342,8204900
5/2/2017,18.719999,18.84,18.66,18.700001,18.628458,7843400
5/3/2017,18.66,18.77,18.57,18.67,18.598572,10992700
5/4/2017,18.75,18.799999,18.610001,18.75,18.678267,6562100
5/5/2017,18.84,18.85,18.67,18.83,18.757961,12736000
5/8/2017,18.84,18.950001,18.76,18.889999,18.81773,9105000
5/9/2017,18.870001,18.969999,18.635,18.780001,18.708153,16309700
5/10/2017,18.790001,19,18.75,19,18.927311,11368400
5/11/2017,18.92,19.055,18.805,18.860001,18.787846,12443400
5/12/2017,18.879999,19.02,18.84,18.879999,18.807768,9614500
5/15/2017,18.9,19.129999,18.870001,18.99,18.917349,10712900
5/16/2017,19,19.16,18.915001,19.110001,19.03689,9511900
5/17/2017,19.110001,19.110001,18.719999,18.799999,18.728075,13040800
5/18/2017,18.65,18.959999,18.52,18.780001,18.708153,12433300
5/19/2017,18.84,19,18.469999,18.530001,18.459108,20162000
5/22/2017,18.52,18.85,18.51,18.790001,18.718115,13527200
5/23/2017,18.870001,18.9,18.75,18.860001,18.787846,13900900
5/24/2017,18.84,18.98,18.780001,18.91,18.837654,11762700
5/25/2017,18.969999,19,18.809999,18.84,18.767921,18113300
5/26/2017,18.85,18.889999,18.74,18.83,18.757961,13431400
5/30/2017,18.780001,18.93,18.690001,18.85,18.777884,17736000
5/31/2017,18.799999,18.875,18.559999,18.809999,18.738037,23884000
6/1/2017,18.35,18.370001,17.469999,17.52,17.452972,38879000
6/2/2017,17.34,17.58,16.950001,17.4,17.333431,29938800
6/5/2017,17.34,17.35,17.129999,17.16,17.094349,15522600
6/6/2017,17.139999,17.190001,17.030001,17.030001,16.964848,13823500
6/7/2017,17.030001,17.24,17.01,17.040001,16.97481,14542100
6/8/2017,17.040001,17.120001,16.98,17.049999,16.98477,10702300
6/9/2017,17.040001,17.32,16.805,16.99,16.924999,10521100
6/12/2017,16.889999,16.92,16.559999,16.85,16.85,11555200
6/13/2017,16.82,16.969999,16.799999,16.879999,16.879999,12179700
6/14/2017,16.85,16.950001,16.65,16.74,16.74,11392700
6/15/2017,16.700001,16.76,16.469999,16.52,16.52,17885400
6/16/2017,16.58,16.610001,16.440001,16.49,16.49,15010500
6/19/2017,16.51,16.77,16.51,16.719999,16.719999,11151300
6/20/2017,16.690001,16.74,16.48,16.639999,16.639999,13479000
6/21/2017,16.700001,16.790001,16.540001,16.57,16.57,10259900
6/22/2017,16.540001,16.75,16.5,16.68,16.68,9427700
6/23/2017,16.75,17,16.66,16.85,16.85,17393700
6/26/2017,16.870001,16.98,16.790001,16.809999,16.809999,10884900
6/27/2017,16.74,16.790001,16.5,16.5,16.5,9823700
6/28/2017,16.59,16.959999,16.5,16.9,16.9,10117400
6/29/2017,16.75,16.799999,16.370001,16.65,16.65,12706100
6/30/2017,16.73,16.799999,16.58,16.59,16.59,8735500
7/3/2017,16.67,16.889999,16.67,16.67,16.67,4566600
7/5/2017,16.719999,16.99,16.709999,16.940001,16.940001,10803000
7/6/2017,16.85,16.92,16.42,16.48,16.48,14536900
7/7/2017,16.52,16.65,16.4,16.610001,16.610001,13217700
7/10/2017,16.610001,16.834999,16.6,16.74,16.74,10170600
7/11/2017,16.709999,16.85,16.57,16.780001,16.780001,9123700
7/12/2017,16.75,16.85,16.575001,16.790001,16.790001,10437700
7/13/2017,16.790001,17.16,16.76,17.09,17.09,13738500
7/14/2017,17.1,17.23,17.02,17.190001,17.190001,6129600
7/17/2017,17.190001,17.32,17.094999,17.23,17.23,7731100
7/18/2017,17.200001,17.25,17.049999,17.15,17.15,10506400
7/19/2017,17.25,17.709999,17.25,17.67,17.67,13419800
7/20/2017,17.67,17.93,17.65,17.9,17.9,14631200
7/21/2017,17.860001,18.030001,17.77,18.01,18.01,11826000
7/24/2017,17.98,18.1,17.790001,17.84,17.84,10919500
7/25/2017,17.84,18.01,17.74,17.879999,17.879999,7702200
7/26/2017,17.9,17.959999,17.549999,17.610001,17.610001,7976200
7/27/2017,17.700001,17.700001,17.395,17.549999,17.549999,10228400
7/28/2017,17.5,17.549999,17.290001,17.51,17.51,9137000
7/31/2017,17.6,17.745001,17.5,17.51,17.51,8762100
8/1/2017,17.549999,17.6,17.445,17.549999,17.549999,7714000
8/2/2017,17.59,17.639999,17.27,17.35,17.35,7968700
8/3/2017,17.34,17.360001,17.16,17.290001,17.290001,6660100
8/4/2017,17.290001,17.57,17.290001,17.51,17.51,6302500
